"",Primary Election,"","",""
"","September 12, 2006","","",""
"",Precinct Report,"","",""
"",District Of Columbia,"","",""
"",Certified Election Night Results ,"","",""
Precinct 122 ,Precinct 122,"","",""
DEM - UNITED STATES SENATOR ,(Final) SG - UNITED STATES SENATOR ,"","",(Final)
"Write In, if any ","3 0.74% Write In, if any ","",0 ,0.00%
Total... ,403 100.00% Total... ,"",1 ,100.00%
DEM - UNITED STATES REPRESENTATIVE ,(Final) SG - UNITED STATES REPRESENTATIVE ,"","",(Final)
Mike Panetta ,168 46.67% Keith R. Ware ,"",1 ,100.00%
John J. Forster ,"137 38.06% Write In, if any ","",0 ,0.00%
James S. Bubar ,46 12.78% Total... ,"",1 ,100.00%
"Write In, if any ",9 2.50%,"","",""
Total... ,360 100.00%,"","",""
REP - DELEGATE TO THE U.S. HOUSE OF REPRESENTATIVE ,(Final),"","",""
"Write In, if any ",1 100.00%,"","",""
Total... ,1 100.00%,"","",""
REP - MAYOR OF THE DISTRICT OF COLUMBIA ,(Final),"","",""
David W. Kranich ,2 66.67%,"","",""
"Write In, if any ",1 33.33%,"","",""
Total... ,3 100.00%,"","",""
REP - CHAIRMAN OF THE COUNCIL ,(Final),"","",""
"Write In, if any ",0 0.00%,"","",""
Total... ,0 0.00%,"","",""
REP - AT-LARGE MEMBER OF THE COUNCIL ,(Final),"","",""
Marcus Skelton ,2 66.67%,"","",""
"Write In, if any ",1 33.33%,"","",""
Total... ,3 100.00%,"","",""
REP - UNITED STATES SENATOR ,(Final),"","",""
"Write In, if any ",0 0.00%,"","",""
Total... ,0 0.00%,"","",""
REP - UNITED STATES REPRESENTATIVE ,(Final),"","",""
"Write In, if any ",0 0.00%,"","",""
Total... ,0 0.00%,"","",""
SG - DELEGATE TO THE U.S. HOUSE OF REPRESENTATIVES ,(Final),"","",""
"Write In, if any ",0 0.00%,"","",""
Total... ,0 0.00%,"","",""
SG - MAYOR OF THE DISTRICT OF COLUMBIA ,(Final),"","",""
Chris Otten ,0 0.00%,"","",""
"Write In, if any ",0 0.00%,"","",""
Total... ,0 0.00%,"","",""
SG - CHAIRMAN OF THE COUNCIL ,(Final),"","",""
"Write In, if any ",0 0.00%,"","",""
Total... ,0 0.00%,"","",""
SG - AT-LARGE MEMBER OF THE COUNCIL ,(Final),"","",""
Ann C. Wilcox ,0 0.00%,"","",""
"Write In, if any ",0 0.00%,"","",""
Total... ,0 0.00%,"","",""
SG - UNITED STATES SENATOR ,(Final),"","",""
Joyce Robinson-Paul ,1 100.00%,"","",""
