"",Primary Election,"","",""
"","September 12, 2006","","",""
"",Precinct Report,"","",""
"",District Of Columbia,"","",""
"",Certified Election Night Results ,"","",""
Precinct 94 ,Precinct 94,"","",""
DEM - UNITED STATES SENATOR ,(Final) SG - UNITED STATES SENATOR ,"","",(Final)
"Write In, if any ","6 1.38% Write In, if any ","",0 ,0.00%
Total... ,436 100.00% Total... ,"",1 ,100.00%
DEM - UNITED STATES REPRESENTATIVE ,(Final) SG - UNITED STATES REPRESENTATIVE ,"","",(Final)
Mike Panetta ,164 40.29% Keith R. Ware ,"",1 ,50.00%
John J. Forster ,"165 40.54% Write In, if any ","",1 ,50.00%
James S. Bubar ,70 17.20% Total... ,"",2 ,100.00%
"Write In, if any ",8 1.97%,"","",""
Total... ,407 100.00%,"","",""
REP - DELEGATE TO THE U.S. HOUSE OF REPRESENTATIVE ,(Final),"","",""
"Write In, if any ",6 100.00%,"","",""
Total... ,6 100.00%,"","",""
REP - MAYOR OF THE DISTRICT OF COLUMBIA ,(Final),"","",""
David W. Kranich ,2 28.57%,"","",""
"Write In, if any ",5 71.43%,"","",""
Total... ,7 100.00%,"","",""
REP - CHAIRMAN OF THE COUNCIL ,(Final),"","",""
"Write In, if any ",6 100.00%,"","",""
Total... ,6 100.00%,"","",""
REP - AT-LARGE MEMBER OF THE COUNCIL ,(Final),"","",""
Marcus Skelton ,3 50.00%,"","",""
"Write In, if any ",3 50.00%,"","",""
Total... ,6 100.00%,"","",""
REP - UNITED STATES SENATOR ,(Final),"","",""
"Write In, if any ",3 100.00%,"","",""
Total... ,3 100.00%,"","",""
REP - UNITED STATES REPRESENTATIVE ,(Final),"","",""
"Write In, if any ",3 100.00%,"","",""
Total... ,3 100.00%,"","",""
SG - DELEGATE TO THE U.S. HOUSE OF REPRESENTATIVES ,(Final),"","",""
"Write In, if any ",1 100.00%,"","",""
Total... ,1 100.00%,"","",""
SG - MAYOR OF THE DISTRICT OF COLUMBIA ,(Final),"","",""
Chris Otten ,1 50.00%,"","",""
"Write In, if any ",1 50.00%,"","",""
Total... ,2 100.00%,"","",""
SG - CHAIRMAN OF THE COUNCIL ,(Final),"","",""
"Write In, if any ",0 0.00%,"","",""
Total... ,0 0.00%,"","",""
SG - AT-LARGE MEMBER OF THE COUNCIL ,(Final),"","",""
Ann C. Wilcox ,1 100.00%,"","",""
"Write In, if any ",0 0.00%,"","",""
Total... ,1 100.00%,"","",""
SG - UNITED STATES SENATOR ,(Final),"","",""
Joyce Robinson-Paul ,1 100.00%,"","",""
